variable,count,mean,std,min,25%,50%,75%,max,original
dummy1,1000.0,0.00036720171313876565,0.01071546021178368,-0.0354040954185777,-0.006933816347321325,0.00012327007780395,0.00726663063848715,0.0333693690686267,-0.0139496979936915
dummy2,1000.0,-0.00020621129765068305,0.010116869305338077,-0.0308015236497993,-0.0072226407912072,-0.00023227839444035,0.0065769735752048,0.0280836862119926,-0.0021710683988551
x1,1000.0,0.09360933704050518,3.1337326592807044,-8.863466766548367,-1.9909952393223656,0.11357645898212995,2.068353398680211,28.203872047251107,28.203872047251107
x2,1000.0,-0.14067210263315638,8.08938252465112,-33.60913854992857,-5.428144758017654,-0.2102645512225209,4.728061414461617,75.05111765758966,75.05111765758966
x3,1000.0,0.07163950601090087,1.9171067316868584,-6.48922081543472,-1.0894657249052946,0.11730494723295226,1.202664664867994,17.75434645916213,17.75434645916213
